inputFromExcel,excelColumnHeader,excelHeaderRow,resolvedInputKind,coneMongoId,coneBarcode,coneYarnName,coneIssueStatus,issueTxnId,transactionType,transactionDate,orderId,orderno,articleId,articleNumber,yarnNameOnTxn,transactionConeCount,note
699aa55d4583baeaf6e57a25,CONE ID05,4,cone_object_id,,,,,,,,,,,,,,No YarnCone for this ObjectId
699aa55d4583baeaf6e57a51,CONE ID05,4,cone_object_id,,,,,,,,,,,,,,No YarnCone for this ObjectId
699aaa344583baeaf6e5de9a,CONE ID05,4,cone_object_id,,,,,,,,,,,,,,No YarnCone for this ObjectId
699bd4144583baeaf6e674d0,CONE ID05,4,cone_object_id,,,,,,,,,,,,,,No YarnCone for this ObjectId
699bd5294583baeaf6e67a3f,CONE ID05,4,cone_object_id,,,,,,,,,,,,,,No YarnCone for this ObjectId
699bd5294583baeaf6e67a47,CONE ID05,4,cone_object_id,,,,,,,,,,,,,,No YarnCone for this ObjectId
699bd5294583baeaf6e67a6c,CONE ID05,4,cone_object_id,,,,,,,,,,,,,,No YarnCone for this ObjectId
699bebbf4583baeaf6e694de,CONE ID05,4,cone_object_id,,,,,,,,,,,,,,No YarnCone for this ObjectId
699c44544583baeaf6e81274,CONE ID05,4,cone_object_id,,,,,,,,,,,,,,No YarnCone for this ObjectId
699c44544583baeaf6e81275,CONE ID05,4,cone_object_id,,,,,,,,,,,,,,No YarnCone for this ObjectId
699c44544583baeaf6e81276,CONE ID05,4,cone_object_id,,,,,,,,,,,,,,No YarnCone for this ObjectId
699c44544583baeaf6e8127a,CONE ID05,4,cone_object_id,,,,,,,,,,,,,,No YarnCone for this ObjectId
699c44544583baeaf6e8127b,CONE ID05,4,cone_object_id,,,,,,,,,,,,,,No YarnCone for this ObjectId
699c44544583baeaf6e8127c,CONE ID05,4,cone_object_id,,,,,,,,,,,,,,No YarnCone for this ObjectId
699c44544583baeaf6e8127f,CONE ID05,4,cone_object_id,,,,,,,,,,,,,,No YarnCone for this ObjectId
699da719c926fc0fe856e81a,CONE ID05,4,cone_object_id,,,,,,,,,,,,,,No YarnCone for this ObjectId
699ea677c926fc0fe85884db,CONE ID05,4,cone_object_id,,,,,,,,,,,,,,No YarnCone for this ObjectId
699ea677c926fc0fe85884e0,CONE ID05,4,cone_object_id,,,,,,,,,,,,,,No YarnCone for this ObjectId
69a19697a47ecd5436f6e67f,CONE ID05,4,cone_object_id,,,,,,,,,,,,,,No YarnCone for this ObjectId
69a2720fa47ecd5436f70a0b,CONE ID05,4,cone_object_id,,,,,,,,,,,,,,No YarnCone for this ObjectId
69a3fd9d93145c5b28551437,CONE ID05,4,cone_object_id,,,,,,,,,,,,,,No YarnCone for this ObjectId
69a3fd9d93145c5b2855143e,CONE ID05,4,cone_object_id,,,,,,,,,,,,,,No YarnCone for this ObjectId
69a4021b93145c5b2855186f,CONE ID05,4,cone_object_id,,,,,,,,,,,,,,No YarnCone for this ObjectId
69a4144593145c5b28552d85,CONE ID05,4,cone_object_id,,,,,,,,,,,,,,No YarnCone for this ObjectId
69a4155b93145c5b28552f57,CONE ID05,4,cone_object_id,,,,,,,,,,,,,,No YarnCone for this ObjectId
69a4155b93145c5b28552f61,CONE ID05,4,cone_object_id,,,,,,,,,,,,,,No YarnCone for this ObjectId
69a524cc93145c5b28554cc0,CONE ID05,4,cone_object_id,,,,,,,,,,,,,,No YarnCone for this ObjectId
69a5253d93145c5b28554e36,CONE ID05,4,cone_object_id,,,,,,,,,,,,,,No YarnCone for this ObjectId
69a5253d93145c5b28554e39,CONE ID05,4,cone_object_id,,,,,,,,,,,,,,No YarnCone for this ObjectId
69a5658a93145c5b28578d2f,CONE ID05,4,cone_object_id,,,,,,,,,,,,,,No YarnCone for this ObjectId
69a565a093145c5b28578d7b,CONE ID05,4,cone_object_id,,,,,,,,,,,,,,No YarnCone for this ObjectId
69a565a093145c5b28578d82,CONE ID05,4,cone_object_id,,,,,,,,,,,,,,No YarnCone for this ObjectId
69a565a093145c5b28578d84,CONE ID05,4,cone_object_id,,,,,,,,,,,,,,No YarnCone for this ObjectId
69a565f193145c5b28578e39,CONE ID05,4,cone_object_id,,,,,,,,,,,,,,No YarnCone for this ObjectId
69a565f193145c5b28578e44,CONE ID05,4,cone_object_id,,,,,,,,,,,,,,No YarnCone for this ObjectId
69a834a993145c5b285808b5,CONE ID05,4,cone_object_id,,,,,,,,,,,,,,No YarnCone for this ObjectId
69a834a993145c5b285808bc,CONE ID05,4,cone_object_id,,,,,,,,,,,,,,No YarnCone for this ObjectId
69a836ec93145c5b28580998,CONE ID05,4,cone_object_id,,,,,,,,,,,,,,No YarnCone for this ObjectId
69a9142a93145c5b2859f803,CONE ID05,4,cone_object_id,,,,,,,,,,,,,,No YarnCone for this ObjectId
69a9789793145c5b285a38ec,CONE ID05,4,cone_object_id,,,,,,,,,,,,,,No YarnCone for this ObjectId
69aacdae93145c5b285a6ddb,CONE ID05,4,cone_object_id,,,,,,,,,,,,,,No YarnCone for this ObjectId
69ae497a777d8cba6a19b9d2,CONE ID05,4,cone_object_id,,,,,,,,,,,,,,No YarnCone for this ObjectId
69ae6f28bec7c1c9b31d9ba7,CONE ID05,4,cone_object_id,,,,,,,,,,,,,,No YarnCone for this ObjectId
69ae6f28bec7c1c9b31d9bab,CONE ID05,4,cone_object_id,,,,,,,,,,,,,,No YarnCone for this ObjectId
69afc7f375ce3cd7dfb05318,CONE ID05,4,cone_object_id,,,,,,,,,,,,,,No YarnCone for this ObjectId
69afd2d075ce3cd7dfb055d2,CONE ID05,4,cone_object_id,,,,,,,,,,,,,,No YarnCone for this ObjectId
69b0e7ff05b3bddb85280606,CONE ID05,4,cone_object_id,,,,,,,,,,,,,,No YarnCone for this ObjectId
69b1165905b3bddb852811d8,CONE ID05,4,cone_object_id,,,,,,,,,,,,,,No YarnCone for this ObjectId
69b1276805b3bddb85281e37,CONE ID05,4,cone_object_id,,,,,,,,,,,,,,No YarnCone for this ObjectId
69b263f0a37559f46ce1ca19,CONE ID05,4,cone_object_id,,,,,,,,,,,,,,No YarnCone for this ObjectId
69b3c6dd9a152b0d31d7dd56,CONE ID05,4,cone_object_id,,,,,,,,,,,,,,No YarnCone for this ObjectId
69b51f04e0bcee26efe02b25,CONE ID05,4,cone_object_id,,,,,,,,,,,,,,No YarnCone for this ObjectId
69b5668ca6225d28d31be637,CONE ID05,4,cone_object_id,,,,,,,,,,,,,,No YarnCone for this ObjectId
69b5668ca6225d28d31be639,CONE ID05,4,cone_object_id,,,,,,,,,,,,,,No YarnCone for this ObjectId
69b5668ca6225d28d31be63c,CONE ID05,4,cone_object_id,,,,,,,,,,,,,,No YarnCone for this ObjectId
69b5668ca6225d28d31be63d,CONE ID05,4,cone_object_id,,,,,,,,,,,,,,No YarnCone for this ObjectId
69b7880ca6225d28d31c08c2,CONE ID05,4,cone_object_id,,,,,,,,,,,,,,No YarnCone for this ObjectId
69b7dfa8a6225d28d31cae50,CONE ID05,4,cone_object_id,,,,,,,,,,,,,,No YarnCone for this ObjectId
69b7dfa8a6225d28d31cae59,CONE ID05,4,cone_object_id,,,,,,,,,,,,,,No YarnCone for this ObjectId
69b7e886a6225d28d31cca03,CONE ID05,4,cone_object_id,,,,,,,,,,,,,,No YarnCone for this ObjectId
69b8d4a5a6225d28d31d3728,CONE ID05,4,cone_object_id,,,,,,,,,,,,,,No YarnCone for this ObjectId
69b8d4a5a6225d28d31d372c,CONE ID05,4,cone_object_id,,,,,,,,,,,,,,No YarnCone for this ObjectId
69b943a8b9f0c244de557221,CONE ID05,4,cone_object_id,,,,,,,,,,,,,,No YarnCone for this ObjectId
69bbb06b0490966d869d5827,CONE ID05,4,cone_object_id,,,,,,,,,,,,,,No YarnCone for this ObjectId
69bbb06b0490966d869d5828,CONE ID05,4,cone_object_id,,,,,,,,,,,,,,No YarnCone for this ObjectId
69bbb6c20490966d869d61fe,CONE ID05,4,cone_object_id,,,,,,,,,,,,,,No YarnCone for this ObjectId
69bbb6c20490966d869d6201,CONE ID05,4,cone_object_id,,,,,,,,,,,,,,No YarnCone for this ObjectId
69bbb6c20490966d869d6203,CONE ID05,4,cone_object_id,,,,,,,,,,,,,,No YarnCone for this ObjectId
69bbb6c20490966d869d6205,CONE ID05,4,cone_object_id,,,,,,,,,,,,,,No YarnCone for this ObjectId
69bbb6c20490966d869d6209,CONE ID05,4,cone_object_id,,,,,,,,,,,,,,No YarnCone for this ObjectId
69bbb6c20490966d869d620a,CONE ID05,4,cone_object_id,,,,,,,,,,,,,,No YarnCone for this ObjectId
69bbb6c20490966d869d6216,CONE ID05,4,cone_object_id,,,,,,,,,,,,,,No YarnCone for this ObjectId
69bce214d795f08eb499d9bf,CONE ID05,4,cone_object_id,,,,,,,,,,,,,,No YarnCone for this ObjectId
69bd52e622f72a9b530d580e,CONE ID05,4,cone_object_id,,,,,,,,,,,,,,No YarnCone for this ObjectId
69be84b5beea45a970c28bdf,CONE ID05,4,cone_object_id,,,,,,,,,,,,,,No YarnCone for this ObjectId
69be84b5beea45a970c28be2,CONE ID05,4,cone_object_id,,,,,,,,,,,,,,No YarnCone for this ObjectId
69be84b5beea45a970c28be4,CONE ID05,4,cone_object_id,,,,,,,,,,,,,,No YarnCone for this ObjectId
69be84b5beea45a970c28be5,CONE ID05,4,cone_object_id,,,,,,,,,,,,,,No YarnCone for this ObjectId
69be84b5beea45a970c28bf6,CONE ID05,4,cone_object_id,,,,,,,,,,,,,,No YarnCone for this ObjectId
69be84b5beea45a970c28bfa,CONE ID05,4,cone_object_id,,,,,,,,,,,,,,No YarnCone for this ObjectId
69be84b5beea45a970c28bff,CONE ID05,4,cone_object_id,,,,,,,,,,,,,,No YarnCone for this ObjectId
69be878fbeea45a970c29eda,CONE ID05,4,cone_object_id,,,,,,,,,,,,,,No YarnCone for this ObjectId
69bf882abeea45a970c39d68,CONE ID05,4,cone_object_id,,,,,,,,,,,,,,No YarnCone for this ObjectId
69bfa97abeea45a970c3e6b1,CONE ID05,4,cone_object_id,,,,,,,,,,,,,,No YarnCone for this ObjectId
69bfb2aebeea45a970c3f06a,CONE ID05,4,cone_object_id,,,,,,,,,,,,,,No YarnCone for this ObjectId
69bfb2aebeea45a970c3f06b,CONE ID05,4,cone_object_id,,,,,,,,,,,,,,No YarnCone for this ObjectId
69bfb2aebeea45a970c3f06d,CONE ID05,4,cone_object_id,,,,,,,,,,,,,,No YarnCone for this ObjectId
69c0c3bfbeea45a970c4192c,CONE ID05,4,cone_object_id,,,,,,,,,,,,,,No YarnCone for this ObjectId
69c0f342beea45a970c473f1,CONE ID05,4,cone_object_id,,,,,,,,,,,,,,No YarnCone for this ObjectId
69c0fd06beea45a970c48867,CONE ID05,4,cone_object_id,,,,,,,,,,,,,,No YarnCone for this ObjectId
69c12545beea45a970c5170a,CONE ID05,4,cone_object_id,,,,,,,,,,,,,,No YarnCone for this ObjectId
69c20af8beea45a970c6219e,CONE ID05,4,cone_object_id,,,,,,,,,,,,,,No YarnCone for this ObjectId
69c20fa9beea45a970c632ae,CONE ID05,4,cone_object_id,,,,,,,,,,,,,,No YarnCone for this ObjectId
69c20ff6beea45a970c6350f,CONE ID05,4,cone_object_id,,,,,,,,,,,,,,No YarnCone for this ObjectId
69c21013beea45a970c635be,CONE ID05,4,cone_object_id,,,,,,,,,,,,,,No YarnCone for this ObjectId
69c210a4beea45a970c6377a,CONE ID05,4,cone_object_id,,,,,,,,,,,,,,No YarnCone for this ObjectId
69c36f40696bdcc5dbb6ffef,CONE ID05,4,cone_object_id,,,,,,,,,,,,,,No YarnCone for this ObjectId
69c36f40696bdcc5dbb6fff0,CONE ID05,4,cone_object_id,,,,,,,,,,,,,,No YarnCone for this ObjectId
69c36f6d696bdcc5dbb70032,CONE ID05,4,cone_object_id,,,,,,,,,,,,,,No YarnCone for this ObjectId
69c36f6d696bdcc5dbb70033,CONE ID05,4,cone_object_id,,,,,,,,,,,,,,No YarnCone for this ObjectId
69c36f6d696bdcc5dbb70035,CONE ID05,4,cone_object_id,,,,,,,,,,,,,,No YarnCone for this ObjectId
69c36f6d696bdcc5dbb70036,CONE ID05,4,cone_object_id,,,,,,,,,,,,,,No YarnCone for this ObjectId
69c36f6d696bdcc5dbb70037,CONE ID05,4,cone_object_id,,,,,,,,,,,,,,No YarnCone for this ObjectId
69c3c3f8a7819fd050b1a50e,CONE ID05,4,cone_object_id,,,,,,,,,,,,,,No YarnCone for this ObjectId
69c3c3f8a7819fd050b1a512,CONE ID05,4,cone_object_id,,,,,,,,,,,,,,No YarnCone for this ObjectId
69c3cd6ea7819fd050b1fbf2,CONE ID05,4,cone_object_id,,,,,,,,,,,,,,No YarnCone for this ObjectId
69c3db2ba7819fd050b24344,CONE ID05,4,cone_object_id,,,,,,,,,,,,,,No YarnCone for this ObjectId
69c4d7eda7819fd050b37d84,CONE ID05,4,cone_object_id,,,,,,,,,,,,,,No YarnCone for this ObjectId
69c4d7eda7819fd050b37d8e,CONE ID05,4,cone_object_id,,,,,,,,,,,,,,No YarnCone for this ObjectId
69c4d7eda7819fd050b37d90,CONE ID05,4,cone_object_id,,,,,,,,,,,,,,No YarnCone for this ObjectId
69c4d7eda7819fd050b37d92,CONE ID05,4,cone_object_id,,,,,,,,,,,,,,No YarnCone for this ObjectId
69c4d7eda7819fd050b37d93,CONE ID05,4,cone_object_id,,,,,,,,,,,,,,No YarnCone for this ObjectId
69c4d7eda7819fd050b37d94,CONE ID05,4,cone_object_id,,,,,,,,,,,,,,No YarnCone for this ObjectId
69c4d816a7819fd050b37eaa,CONE ID05,4,cone_object_id,,,,,,,,,,,,,,No YarnCone for this ObjectId
69c4d816a7819fd050b37eac,CONE ID05,4,cone_object_id,,,,,,,,,,,,,,No YarnCone for this ObjectId
69c4d816a7819fd050b37ead,CONE ID05,4,cone_object_id,,,,,,,,,,,,,,No YarnCone for this ObjectId
69c4d816a7819fd050b37eb0,CONE ID05,4,cone_object_id,,,,,,,,,,,,,,No YarnCone for this ObjectId
69c4f4b20e0b0fee62da9257,CONE ID05,4,cone_object_id,,,,,,,,,,,,,,No YarnCone for this ObjectId
69c60a8314badff1b9e42e78,CONE ID05,4,cone_object_id,,,,,,,,,,,,,,No YarnCone for this ObjectId
69c6174814badff1b9e4b649,CONE ID05,4,cone_object_id,,,,,,,,,,,,,,No YarnCone for this ObjectId
69c6174814badff1b9e4b64c,CONE ID05,4,cone_object_id,,,,,,,,,,,,,,No YarnCone for this ObjectId
69c61a7114badff1b9e4c85c,CONE ID05,4,cone_object_id,,,,,,,,,,,,,,No YarnCone for this ObjectId
69c6213b14badff1b9e4f202,CONE ID05,4,cone_object_id,,,,,,,,,,,,,,No YarnCone for this ObjectId
69c652f214badff1b9e6b4f1,CONE ID05,4,cone_object_id,,,,,,,,,,,,,,No YarnCone for this ObjectId
69c652f214badff1b9e6b4f5,CONE ID05,4,cone_object_id,,,,,,,,,,,,,,No YarnCone for this ObjectId
69c656b114badff1b9e6c5ee,CONE ID05,4,cone_object_id,,,,,,,,,,,,,,No YarnCone for this ObjectId
69c658a114badff1b9e6cbe9,CONE ID05,4,cone_object_id,,,,,,,,,,,,,,No YarnCone for this ObjectId
69c658a114badff1b9e6cbf3,CONE ID05,4,cone_object_id,,,,,,,,,,,,,,No YarnCone for this ObjectId
69c660ed14badff1b9e6eada,CONE ID05,4,cone_object_id,,,,,,,,,,,,,,No YarnCone for this ObjectId
69c660ed14badff1b9e6eae5,CONE ID05,4,cone_object_id,,,,,,,,,,,,,,No YarnCone for this ObjectId
69c6777a14badff1b9e75d81,CONE ID05,4,cone_object_id,,,,,,,,,,,,,,No YarnCone for this ObjectId
69c773b9a077d3fbb38e2161,CONE ID05,4,cone_object_id,,,,,,,,,,,,,,No YarnCone for this ObjectId
69c79bfda077d3fbb390069e,CONE ID05,4,cone_object_id,,,,,,,,,,,,,,No YarnCone for this ObjectId
69c79bfda077d3fbb39006a0,CONE ID05,4,cone_object_id,,,,,,,,,,,,,,No YarnCone for this ObjectId
69c79bfda077d3fbb39006a1,CONE ID05,4,cone_object_id,,,,,,,,,,,,,,No YarnCone for this ObjectId
69c79bfda077d3fbb39006a2,CONE ID05,4,cone_object_id,,,,,,,,,,,,,,No YarnCone for this ObjectId
69c79bfda077d3fbb39006a3,CONE ID05,4,cone_object_id,,,,,,,,,,,,,,No YarnCone for this ObjectId
69c79bfda077d3fbb39006a4,CONE ID05,4,cone_object_id,,,,,,,,,,,,,,No YarnCone for this ObjectId
69c7b25fa077d3fbb3908ac5,CONE ID05,4,cone_object_id,,,,,,,,,,,,,,No YarnCone for this ObjectId
69c7b25fa077d3fbb3908ac7,CONE ID05,4,cone_object_id,,,,,,,,,,,,,,No YarnCone for this ObjectId
69c7b25fa077d3fbb3908ac8,CONE ID05,4,cone_object_id,,,,,,,,,,,,,,No YarnCone for this ObjectId
69c7b25fa077d3fbb3908ac9,CONE ID05,4,cone_object_id,,,,,,,,,,,,,,No YarnCone for this ObjectId
69c7b25fa077d3fbb3908aca,CONE ID05,4,cone_object_id,,,,,,,,,,,,,,No YarnCone for this ObjectId
69c7b25fa077d3fbb3908acb,CONE ID05,4,cone_object_id,,,,,,,,,,,,,,No YarnCone for this ObjectId
69c7b25fa077d3fbb3908acc,CONE ID05,4,cone_object_id,,,,,,,,,,,,,,No YarnCone for this ObjectId
69c7b25fa077d3fbb3908acd,CONE ID05,4,cone_object_id,,,,,,,,,,,,,,No YarnCone for this ObjectId
69c7b25fa077d3fbb3908ace,CONE ID05,4,cone_object_id,,,,,,,,,,,,,,No YarnCone for this ObjectId
69c7b2af7b9dd20a8569cb66,CONE ID05,4,cone_object_id,,,,,,,,,,,,,,No YarnCone for this ObjectId
69c7b2af7b9dd20a8569cb67,CONE ID05,4,cone_object_id,,,,,,,,,,,,,,No YarnCone for this ObjectId
69c7b2af7b9dd20a8569cb68,CONE ID05,4,cone_object_id,,,,,,,,,,,,,,No YarnCone for this ObjectId
69c7b2af7b9dd20a8569cb69,CONE ID05,4,cone_object_id,,,,,,,,,,,,,,No YarnCone for this ObjectId
69c7b2c47b9dd20a8569cc09,CONE ID05,4,cone_object_id,,,,,,,,,,,,,,No YarnCone for this ObjectId
69c7b2c47b9dd20a8569cc24,CONE ID05,4,cone_object_id,,,,,,,,,,,,,,No YarnCone for this ObjectId
69c7bde97b9dd20a856a0411,CONE ID05,4,cone_object_id,,,,,,,,,,,,,,No YarnCone for this ObjectId
69c7be1d7b9dd20a856a0588,CONE ID05,4,cone_object_id,,,,,,,,,,,,,,No YarnCone for this ObjectId
69c7be7d7b9dd20a856a0955,CONE ID05,4,cone_object_id,,,,,,,,,,,,,,No YarnCone for this ObjectId
69c7c7cf7b9dd20a856a2c9c,CONE ID05,4,cone_object_id,,,,,,,,,,,,,,No YarnCone for this ObjectId
69c7d8507b9dd20a856a60d6,CONE ID05,4,cone_object_id,,,,,,,,,,,,,,No YarnCone for this ObjectId
69cb50efff9f99209b65247d,CONE ID05,4,cone_object_id,,,,,,,,,,,,,,No YarnCone for this ObjectId
69cb6c36ff9f99209b65ac02,CONE ID05,4,cone_object_id,,,,,,,,,,,,,,No YarnCone for this ObjectId
69ccccfdff9f99209b69778e,CONE ID05,4,cone_object_id,,,,,,,,,,,,,,No YarnCone for this ObjectId
69ccccfdff9f99209b697792,CONE ID05,4,cone_object_id,,,,,,,,,,,,,,No YarnCone for this ObjectId
69ccce32ff9f99209b697caf,CONE ID05,4,cone_object_id,,,,,,,,,,,,,,No YarnCone for this ObjectId
69cdf782ff9f99209b6c745d,CONE ID05,4,cone_object_id,,,,,,,,,,,,,,No YarnCone for this ObjectId
69cdf782ff9f99209b6c747a,CONE ID05,4,cone_object_id,,,,,,,,,,,,,,No YarnCone for this ObjectId
69cdf782ff9f99209b6c747b,CONE ID05,4,cone_object_id,,,,,,,,,,,,,,No YarnCone for this ObjectId
69ce16dbff9f99209b6cdd7f,CONE ID05,4,cone_object_id,,,,,,,,,,,,,,No YarnCone for this ObjectId
69ce1a8cff9f99209b6cf29e,CONE ID05,4,cone_object_id,,,,,,,,,,,,,,No YarnCone for this ObjectId
69ce1a8cff9f99209b6cf29f,CONE ID05,4,cone_object_id,,,,,,,,,,,,,,No YarnCone for this ObjectId
69cfb30d97fe9152fa9dac07,CONE ID05,4,cone_object_id,,,,,,,,,,,,,,No YarnCone for this ObjectId
69d09fd697fe9152fa9e805f,CONE ID05,4,cone_object_id,,,,,,,,,,,,,,No YarnCone for this ObjectId
69d0a07797fe9152fa9e849f,CONE ID05,4,cone_object_id,,,,,,,,,,,,,,No YarnCone for this ObjectId
69d0a07797fe9152fa9e84a4,CONE ID05,4,cone_object_id,,,,,,,,,,,,,,No YarnCone for this ObjectId
69d0a07797fe9152fa9e84ac,CONE ID05,4,cone_object_id,,,,,,,,,,,,,,No YarnCone for this ObjectId
69d0a07797fe9152fa9e84ad,CONE ID05,4,cone_object_id,,,,,,,,,,,,,,No YarnCone for this ObjectId
69d0a07797fe9152fa9e84b2,CONE ID05,4,cone_object_id,,,,,,,,,,,,,,No YarnCone for this ObjectId
69d0a10897fe9152fa9e876f,CONE ID05,4,cone_object_id,,,,,,,,,,,,,,No YarnCone for this ObjectId
69d3392a97fe9152faa566f2,CONE ID05,4,cone_object_id,,,,,,,,,,,,,,No YarnCone for this ObjectId
69d3409797fe9152faa57de0,CONE ID05,4,cone_object_id,,,,,,,,,,,,,,No YarnCone for this ObjectId
69d3409797fe9152faa57de4,CONE ID05,4,cone_object_id,,,,,,,,,,,,,,No YarnCone for this ObjectId
69d341b097fe9152faa5848f,CONE ID05,4,cone_object_id,,,,,,,,,,,,,,No YarnCone for this ObjectId
69d3461a97fe9152faa5917a,CONE ID05,4,cone_object_id,,,,,,,,,,,,,,No YarnCone for this ObjectId
69d3461a97fe9152faa5917d,CONE ID05,4,cone_object_id,,,,,,,,,,,,,,No YarnCone for this ObjectId
69d3561a97fe9152faa5bc85,CONE ID05,4,cone_object_id,,,,,,,,,,,,,,No YarnCone for this ObjectId
69d3566297fe9152faa5bf9d,CONE ID05,4,cone_object_id,,,,,,,,,,,,,,No YarnCone for this ObjectId
69d399e72614366a5d886b10,CONE ID05,4,cone_object_id,,,,,,,,,,,,,,No YarnCone for this ObjectId
69d48bfb2614366a5d8abdf2,CONE ID05,4,cone_object_id,,,,,,,,,,,,,,No YarnCone for this ObjectId
69d48bfb2614366a5d8abdf5,CONE ID05,4,cone_object_id,,,,,,,,,,,,,,No YarnCone for this ObjectId
69d48bfb2614366a5d8abdfb,CONE ID05,4,cone_object_id,,,,,,,,,,,,,,No YarnCone for this ObjectId
69d48bfb2614366a5d8abdff,CONE ID05,4,cone_object_id,,,,,,,,,,,,,,No YarnCone for this ObjectId
69d48bfb2614366a5d8abe02,CONE ID05,4,cone_object_id,,,,,,,,,,,,,,No YarnCone for this ObjectId
69d48bfb2614366a5d8abe04,CONE ID05,4,cone_object_id,,,,,,,,,,,,,,No YarnCone for this ObjectId
69d48bfb2614366a5d8abe06,CONE ID05,4,cone_object_id,,,,,,,,,,,,,,No YarnCone for this ObjectId
69d48bfb2614366a5d8abe08,CONE ID05,4,cone_object_id,,,,,,,,,,,,,,No YarnCone for this ObjectId
69d48bfb2614366a5d8abe0c,CONE ID05,4,cone_object_id,,,,,,,,,,,,,,No YarnCone for this ObjectId
69d48bfb2614366a5d8abe0d,CONE ID05,4,cone_object_id,,,,,,,,,,,,,,No YarnCone for this ObjectId
69d48bfb2614366a5d8abe0e,CONE ID05,4,cone_object_id,,,,,,,,,,,,,,No YarnCone for this ObjectId
69d48bfb2614366a5d8abe11,CONE ID05,4,cone_object_id,,,,,,,,,,,,,,No YarnCone for this ObjectId
69d48bfb2614366a5d8abe12,CONE ID05,4,cone_object_id,,,,,,,,,,,,,,No YarnCone for this ObjectId
69d48bfb2614366a5d8abe14,CONE ID05,4,cone_object_id,,,,,,,,,,,,,,No YarnCone for this ObjectId
69d48c2a2614366a5d8abf43,CONE ID05,4,cone_object_id,,,,,,,,,,,,,,No YarnCone for this ObjectId
69d48c2a2614366a5d8abf44,CONE ID05,4,cone_object_id,,,,,,,,,,,,,,No YarnCone for this ObjectId
69d48c2a2614366a5d8abf45,CONE ID05,4,cone_object_id,,,,,,,,,,,,,,No YarnCone for this ObjectId
69d48c2a2614366a5d8abf4a,CONE ID05,4,cone_object_id,,,,,,,,,,,,,,No YarnCone for this ObjectId
69d48c2a2614366a5d8abf4d,CONE ID05,4,cone_object_id,,,,,,,,,,,,,,No YarnCone for this ObjectId
69d48c2a2614366a5d8abf65,CONE ID05,4,cone_object_id,,,,,,,,,,,,,,No YarnCone for this ObjectId
69d48c5b2614366a5d8ac0a9,CONE ID05,4,cone_object_id,,,,,,,,,,,,,,No YarnCone for this ObjectId
69d4afff2614366a5d8b9349,CONE ID05,4,cone_object_id,,,,,,,,,,,,,,No YarnCone for this ObjectId
69d4b0332614366a5d8b94e6,CONE ID05,4,cone_object_id,,,,,,,,,,,,,,No YarnCone for this ObjectId
69d4d551b89662732f7eea3e,CONE ID05,4,cone_object_id,,,,,,,,,,,,,,No YarnCone for this ObjectId
69d4da33b89662732f7f1a1d,CONE ID05,4,cone_object_id,,,,,,,,,,,,,,No YarnCone for this ObjectId
69d4db4ab89662732f7f2559,CONE ID05,4,cone_object_id,,,,,,,,,,,,,,No YarnCone for this ObjectId
69d4e970b89662732f7f8ed8,CONE ID05,4,cone_object_id,,,,,,,,,,,,,,No YarnCone for this ObjectId
69d4e970b89662732f7f8ede,CONE ID05,4,cone_object_id,,,,,,,,,,,,,,No YarnCone for this ObjectId
69d4e970b89662732f7f8ee1,CONE ID05,4,cone_object_id,,,,,,,,,,,,,,No YarnCone for this ObjectId
69d4ee32b89662732f7fa235,CONE ID05,4,cone_object_id,,,,,,,,,,,,,,No YarnCone for this ObjectId
69d5dfbbb89662732f81b6be,CONE ID05,4,cone_object_id,,,,,,,,,,,,,,No YarnCone for this ObjectId
69d5dfbbb89662732f81b6c1,CONE ID05,4,cone_object_id,,,,,,,,,,,,,,No YarnCone for this ObjectId
69d5dfbbb89662732f81b6c2,CONE ID05,4,cone_object_id,,,,,,,,,,,,,,No YarnCone for this ObjectId
69d5e7ebb89662732f81d8b2,CONE ID05,4,cone_object_id,,,,,,,,,,,,,,No YarnCone for this ObjectId
69d627b7b89662732f837713,CONE ID05,4,cone_object_id,,,,,,,,,,,,,,No YarnCone for this ObjectId
69d63582b89662732f83d0ba,CONE ID05,4,cone_object_id,,,,,,,,,,,,,,No YarnCone for this ObjectId
69d63582b89662732f83d0bf,CONE ID05,4,cone_object_id,,,,,,,,,,,,,,No YarnCone for this ObjectId
69d659ffedc59d9ec1fd6e6e,CONE ID05,4,cone_object_id,,,,,,,,,,,,,,No YarnCone for this ObjectId
69d659ffedc59d9ec1fd6e76,CONE ID05,4,cone_object_id,,,,,,,,,,,,,,No YarnCone for this ObjectId
69d65a4aedc59d9ec1fd6ee2,CONE ID05,4,cone_object_id,,,,,,,,,,,,,,No YarnCone for this ObjectId
69d65a4aedc59d9ec1fd6ee3,CONE ID05,4,cone_object_id,,,,,,,,,,,,,,No YarnCone for this ObjectId
69d65a4aedc59d9ec1fd6ee4,CONE ID05,4,cone_object_id,,,,,,,,,,,,,,No YarnCone for this ObjectId
69d65a4aedc59d9ec1fd6ee5,CONE ID05,4,cone_object_id,,,,,,,,,,,,,,No YarnCone for this ObjectId
69d65a4aedc59d9ec1fd6ee7,CONE ID05,4,cone_object_id,,,,,,,,,,,,,,No YarnCone for this ObjectId
69d65a4aedc59d9ec1fd6ee9,CONE ID05,4,cone_object_id,,,,,,,,,,,,,,No YarnCone for this ObjectId
69d65a4aedc59d9ec1fd6eeb,CONE ID05,4,cone_object_id,,,,,,,,,,,,,,No YarnCone for this ObjectId
69d7261cedc59d9ec1fe78da,CONE ID05,4,cone_object_id,,,,,,,,,,,,,,No YarnCone for this ObjectId
69d7261cedc59d9ec1fe78db,CONE ID05,4,cone_object_id,,,,,,,,,,,,,,No YarnCone for this ObjectId
69d7261cedc59d9ec1fe78e3,CONE ID05,4,cone_object_id,,,,,,,,,,,,,,No YarnCone for this ObjectId
69d7261cedc59d9ec1fe78e9,CONE ID05,4,cone_object_id,,,,,,,,,,,,,,No YarnCone for this ObjectId
69d7261cedc59d9ec1fe78f0,CONE ID05,4,cone_object_id,,,,,,,,,,,,,,No YarnCone for this ObjectId
69d72633edc59d9ec1fe79a8,CONE ID05,4,cone_object_id,,,,,,,,,,,,,,No YarnCone for this ObjectId
69d72633edc59d9ec1fe79b7,CONE ID05,4,cone_object_id,,,,,,,,,,,,,,No YarnCone for this ObjectId
69d72ebaedc59d9ec1ff3209,CONE ID05,4,cone_object_id,,,,,,,,,,,,,,No YarnCone for this ObjectId
69d72ebaedc59d9ec1ff3211,CONE ID05,4,cone_object_id,,,,,,,,,,,,,,No YarnCone for this ObjectId
69d72ebaedc59d9ec1ff3213,CONE ID05,4,cone_object_id,,,,,,,,,,,,,,No YarnCone for this ObjectId
69d72ebaedc59d9ec1ff3214,CONE ID05,4,cone_object_id,,,,,,,,,,,,,,No YarnCone for this ObjectId
69d72ebaedc59d9ec1ff3218,CONE ID05,4,cone_object_id,,,,,,,,,,,,,,No YarnCone for this ObjectId
69d72ebaedc59d9ec1ff321b,CONE ID05,4,cone_object_id,,,,,,,,,,,,,,No YarnCone for this ObjectId
69d72ebaedc59d9ec1ff321e,CONE ID05,4,cone_object_id,,,,,,,,,,,,,,No YarnCone for this ObjectId
69d72ecfedc59d9ec1ff335e,CONE ID05,4,cone_object_id,,,,,,,,,,,,,,No YarnCone for this ObjectId
69d72ecfedc59d9ec1ff3362,CONE ID05,4,cone_object_id,,,,,,,,,,,,,,No YarnCone for this ObjectId
69d72ecfedc59d9ec1ff3365,CONE ID05,4,cone_object_id,,,,,,,,,,,,,,No YarnCone for this ObjectId
69d72ecfedc59d9ec1ff336b,CONE ID05,4,cone_object_id,,,,,,,,,,,,,,No YarnCone for this ObjectId
69d72ecfedc59d9ec1ff336c,CONE ID05,4,cone_object_id,,,,,,,,,,,,,,No YarnCone for this ObjectId
69d72f01edc59d9ec1ff3554,CONE ID05,4,cone_object_id,,,,,,,,,,,,,,No YarnCone for this ObjectId
69d72f01edc59d9ec1ff3556,CONE ID05,4,cone_object_id,,,,,,,,,,,,,,No YarnCone for this ObjectId
69d72f01edc59d9ec1ff3558,CONE ID05,4,cone_object_id,,,,,,,,,,,,,,No YarnCone for this ObjectId
69d72f46edc59d9ec1ff3720,CONE ID05,4,cone_object_id,,,,,,,,,,,,,,No YarnCone for this ObjectId
69d72f46edc59d9ec1ff372a,CONE ID05,4,cone_object_id,,,,,,,,,,,,,,No YarnCone for this ObjectId
69d72f46edc59d9ec1ff3730,CONE ID05,4,cone_object_id,,,,,,,,,,,,,,No YarnCone for this ObjectId
69d72f46edc59d9ec1ff3732,CONE ID05,4,cone_object_id,,,,,,,,,,,,,,No YarnCone for this ObjectId
69d72f46edc59d9ec1ff3736,CONE ID05,4,cone_object_id,,,,,,,,,,,,,,No YarnCone for this ObjectId
69d77abcedc59d9ec10227a8,CONE ID05,4,cone_object_id,,,,,,,,,,,,,,No YarnCone for this ObjectId
69d77abcedc59d9ec10227a9,CONE ID05,4,cone_object_id,,,,,,,,,,,,,,No YarnCone for this ObjectId
69d783bcedc59d9ec1024d5c,CONE ID05,4,cone_object_id,,,,,,,,,,,,,,No YarnCone for this ObjectId
69d783bcedc59d9ec1024d60,CONE ID05,4,cone_object_id,,,,,,,,,,,,,,No YarnCone for this ObjectId
69d78af9edc59d9ec1027f67,CONE ID05,4,cone_object_id,,,,,,,,,,,,,,No YarnCone for this ObjectId
69d78af9edc59d9ec1027f69,CONE ID05,4,cone_object_id,,,,,,,,,,,,,,No YarnCone for this ObjectId
69d78af9edc59d9ec1027f6a,CONE ID05,4,cone_object_id,,,,,,,,,,,,,,No YarnCone for this ObjectId
69d78af9edc59d9ec1027f72,CONE ID05,4,cone_object_id,,,,,,,,,,,,,,No YarnCone for this ObjectId
69d78af9edc59d9ec1027f76,CONE ID05,4,cone_object_id,,,,,,,,,,,,,,No YarnCone for this ObjectId
69d78af9edc59d9ec1027f78,CONE ID05,4,cone_object_id,,,,,,,,,,,,,,No YarnCone for this ObjectId
69d78af9edc59d9ec1027f79,CONE ID05,4,cone_object_id,,,,,,,,,,,,,,No YarnCone for this ObjectId
69d7907cedc59d9ec1028f57,CONE ID05,4,cone_object_id,,,,,,,,,,,,,,No YarnCone for this ObjectId
69d7907cedc59d9ec1028f5a,CONE ID05,4,cone_object_id,,,,,,,,,,,,,,No YarnCone for this ObjectId
69d877dcedc59d9ec103e899,CONE ID05,4,cone_object_id,,,,,,,,,,,,,,No YarnCone for this ObjectId
69d8b1e3edc59d9ec1056b9a,CONE ID05,4,cone_object_id,,,,,,,,,,,,,,No YarnCone for this ObjectId
69d8b21cedc59d9ec1056e9d,CONE ID05,4,cone_object_id,,,,,,,,,,,,,,No YarnCone for this ObjectId
69d8b21cedc59d9ec1056ea2,CONE ID05,4,cone_object_id,,,,,,,,,,,,,,No YarnCone for this ObjectId
69d8c1adedc59d9ec105d013,CONE ID05,4,cone_object_id,,,,,,,,,,,,,,No YarnCone for this ObjectId
69d8c1adedc59d9ec105d029,CONE ID05,4,cone_object_id,,,,,,,,,,,,,,No YarnCone for this ObjectId
69d8c1adedc59d9ec105d030,CONE ID05,4,cone_object_id,,,,,,,,,,,,,,No YarnCone for this ObjectId
69d9ea81edc59d9ec109de95,CONE ID05,4,cone_object_id,,,,,,,,,,,,,,No YarnCone for this ObjectId
69d9ea81edc59d9ec109de97,CONE ID05,4,cone_object_id,,,,,,,,,,,,,,No YarnCone for this ObjectId
69d9ea81edc59d9ec109de98,CONE ID05,4,cone_object_id,,,,,,,,,,,,,,No YarnCone for this ObjectId
69d9ea81edc59d9ec109de9a,CONE ID05,4,cone_object_id,,,,,,,,,,,,,,No YarnCone for this ObjectId
69d9ea81edc59d9ec109de9d,CONE ID05,4,cone_object_id,,,,,,,,,,,,,,No YarnCone for this ObjectId
69da034fedc59d9ec10a2da2,CONE ID05,4,cone_object_id,,,,,,,,,,,,,,No YarnCone for this ObjectId
69da0c03edc59d9ec10a7917,CONE ID05,4,cone_object_id,,,,,,,,,,,,,,No YarnCone for this ObjectId
69da0c03edc59d9ec10a791e,CONE ID05,4,cone_object_id,,,,,,,,,,,,,,No YarnCone for this ObjectId
69da194cedc59d9ec10aad16,CONE ID05,4,cone_object_id,,,,,,,,,,,,,,No YarnCone for this ObjectId
69dc7993d0bd6cbf13e4b77c,CONE ID05,4,cone_object_id,,,,,,,,,,,,,,No YarnCone for this ObjectId
69dc8f32a19ee8d30f4a05a3,CONE ID05,4,cone_object_id,,,,,,,,,,,,,,No YarnCone for this ObjectId
69dc8f32a19ee8d30f4a05a4,CONE ID05,4,cone_object_id,,,,,,,,,,,,,,No YarnCone for this ObjectId
69dc8f32a19ee8d30f4a05b7,CONE ID05,4,cone_object_id,,,,,,,,,,,,,,No YarnCone for this ObjectId
69dc8f32a19ee8d30f4a05b8,CONE ID05,4,cone_object_id,,,,,,,,,,,,,,No YarnCone for this ObjectId
69dc8f32a19ee8d30f4a05b9,CONE ID05,4,cone_object_id,,,,,,,,,,,,,,No YarnCone for this ObjectId
69dc8f32a19ee8d30f4a05ba,CONE ID05,4,cone_object_id,,,,,,,,,,,,,,No YarnCone for this ObjectId
69dc8f32a19ee8d30f4a05c2,CONE ID05,4,cone_object_id,,,,,,,,,,,,,,No YarnCone for this ObjectId
69dc8f71a19ee8d30f4a06ce,CONE ID05,4,cone_object_id,,,,,,,,,,,,,,No YarnCone for this ObjectId
69dccee3a19ee8d30f4ae8b0,CONE ID05,4,cone_object_id,,,,,,,,,,,,,,No YarnCone for this ObjectId
69dccee3a19ee8d30f4ae8b1,CONE ID05,4,cone_object_id,,,,,,,,,,,,,,No YarnCone for this ObjectId
69dccee3a19ee8d30f4ae8b6,CONE ID05,4,cone_object_id,,,,,,,,,,,,,,No YarnCone for this ObjectId
69dccee3a19ee8d30f4ae8b7,CONE ID05,4,cone_object_id,,,,,,,,,,,,,,No YarnCone for this ObjectId
69dccf3da19ee8d30f4ae9d2,CONE ID05,4,cone_object_id,,,,,,,,,,,,,,No YarnCone for this ObjectId
69ddb364007e05d7e73ec63b,CONE ID05,4,cone_object_id,,,,,,,,,,,,,,No YarnCone for this ObjectId
69ddb364007e05d7e73ec640,CONE ID05,4,cone_object_id,,,,,,,,,,,,,,No YarnCone for this ObjectId
69ddb364007e05d7e73ec644,CONE ID05,4,cone_object_id,,,,,,,,,,,,,,No YarnCone for this ObjectId
69ddb364007e05d7e73ec647,CONE ID05,4,cone_object_id,,,,,,,,,,,,,,No YarnCone for this ObjectId
69ddb364007e05d7e73ec649,CONE ID05,4,cone_object_id,,,,,,,,,,,,,,No YarnCone for this ObjectId
69ddb364007e05d7e73ec64c,CONE ID05,4,cone_object_id,,,,,,,,,,,,,,No YarnCone for this ObjectId
69ddb364007e05d7e73ec652,CONE ID05,4,cone_object_id,,,,,,,,,,,,,,No YarnCone for this ObjectId
69ddb42d007e05d7e73ec8f3,CONE ID05,4,cone_object_id,,,,,,,,,,,,,,No YarnCone for this ObjectId
69ddcd3b007e05d7e7400d03,CONE ID05,4,cone_object_id,,,,,,,,,,,,,,No YarnCone for this ObjectId
69ddce11007e05d7e7401112,CONE ID05,4,cone_object_id,,,,,,,,,,,,,,No YarnCone for this ObjectId
69ddce11007e05d7e7401114,CONE ID05,4,cone_object_id,,,,,,,,,,,,,,No YarnCone for this ObjectId
69ddce11007e05d7e7401115,CONE ID05,4,cone_object_id,,,,,,,,,,,,,,No YarnCone for this ObjectId
69ddce11007e05d7e740111a,CONE ID05,4,cone_object_id,,,,,,,,,,,,,,No YarnCone for this ObjectId
69ddce11007e05d7e740111b,CONE ID05,4,cone_object_id,,,,,,,,,,,,,,No YarnCone for this ObjectId
69ddce11007e05d7e740111e,CONE ID05,4,cone_object_id,,,,,,,,,,,,,,No YarnCone for this ObjectId
69ddce11007e05d7e740111f,CONE ID05,4,cone_object_id,,,,,,,,,,,,,,No YarnCone for this ObjectId
69ddce11007e05d7e7401121,CONE ID05,4,cone_object_id,,,,,,,,,,,,,,No YarnCone for this ObjectId
69ddce11007e05d7e7401123,CONE ID05,4,cone_object_id,,,,,,,,,,,,,,No YarnCone for this ObjectId
69ddce11007e05d7e7401125,CONE ID05,4,cone_object_id,,,,,,,,,,,,,,No YarnCone for this ObjectId
69ddce11007e05d7e7401126,CONE ID05,4,cone_object_id,,,,,,,,,,,,,,No YarnCone for this ObjectId
69ddce11007e05d7e740112e,CONE ID05,4,cone_object_id,,,,,,,,,,,,,,No YarnCone for this ObjectId
69ddce11007e05d7e740112f,CONE ID05,4,cone_object_id,,,,,,,,,,,,,,No YarnCone for this ObjectId
69ddce11007e05d7e7401133,CONE ID05,4,cone_object_id,,,,,,,,,,,,,,No YarnCone for this ObjectId
69dde114007e05d7e7404f96,CONE ID05,4,cone_object_id,,,,,,,,,,,,,,No YarnCone for this ObjectId
69dde114007e05d7e7404f97,CONE ID05,4,cone_object_id,,,,,,,,,,,,,,No YarnCone for this ObjectId
69dde2ac007e05d7e7405a98,CONE ID05,4,cone_object_id,,,,,,,,,,,,,,No YarnCone for this ObjectId
69de070d007e05d7e7415a20,CONE ID05,4,cone_object_id,,,,,,,,,,,,,,No YarnCone for this ObjectId
69de070d007e05d7e7415a2f,CONE ID05,4,cone_object_id,,,,,,,,,,,,,,No YarnCone for this ObjectId
69de0d35007e05d7e7417083,CONE ID05,4,cone_object_id,,,,,,,,,,,,,,No YarnCone for this ObjectId
69de0d35007e05d7e7417087,CONE ID05,4,cone_object_id,,,,,,,,,,,,,,No YarnCone for this ObjectId
69de0d35007e05d7e741708b,CONE ID05,4,cone_object_id,,,,,,,,,,,,,,No YarnCone for this ObjectId
69de0d35007e05d7e741708d,CONE ID05,4,cone_object_id,,,,,,,,,,,,,,No YarnCone for this ObjectId
69de0d35007e05d7e7417090,CONE ID05,4,cone_object_id,,,,,,,,,,,,,,No YarnCone for this ObjectId
69de0d35007e05d7e74170a9,CONE ID05,4,cone_object_id,,,,,,,,,,,,,,No YarnCone for this ObjectId
69de0d81007e05d7e741746f,CONE ID05,4,cone_object_id,,,,,,,,,,,,,,No YarnCone for this ObjectId
69de0d81007e05d7e7417473,CONE ID05,4,cone_object_id,,,,,,,,,,,,,,No YarnCone for this ObjectId
69df557000ca64e3cf52db0d,CONE ID05,4,cone_object_id,,,,,,,,,,,,,,No YarnCone for this ObjectId
69df700900ca64e3cf535d2a,CONE ID05,4,cone_object_id,,,,,,,,,,,,,,No YarnCone for this ObjectId
69df727300ca64e3cf536a16,CONE ID05,4,cone_object_id,,,,,,,,,,,,,,No YarnCone for this ObjectId
69df727300ca64e3cf536a19,CONE ID05,4,cone_object_id,,,,,,,,,,,,,,No YarnCone for this ObjectId
69df727300ca64e3cf536a1c,CONE ID05,4,cone_object_id,,,,,,,,,,,,,,No YarnCone for this ObjectId
69df727300ca64e3cf536a1e,CONE ID05,4,cone_object_id,,,,,,,,,,,,,,No YarnCone for this ObjectId
69e0647c00ca64e3cf58e44d,CONE ID05,4,cone_object_id,,,,,,,,,,,,,,No YarnCone for this ObjectId
69e0651a00ca64e3cf58e90a,CONE ID05,4,cone_object_id,,,,,,,,,,,,,,No YarnCone for this ObjectId
69e0651a00ca64e3cf58e90c,CONE ID05,4,cone_object_id,,,,,,,,,,,,,,No YarnCone for this ObjectId
69e0651a00ca64e3cf58e90d,CONE ID05,4,cone_object_id,,,,,,,,,,,,,,No YarnCone for this ObjectId
69e0651a00ca64e3cf58e918,CONE ID05,4,cone_object_id,,,,,,,,,,,,,,No YarnCone for this ObjectId
69e0651a00ca64e3cf58e919,CONE ID05,4,cone_object_id,,,,,,,,,,,,,,No YarnCone for this ObjectId
69e0651a00ca64e3cf58e91e,CONE ID05,4,cone_object_id,,,,,,,,,,,,,,No YarnCone for this ObjectId
69e066fa00ca64e3cf58f377,CONE ID05,4,cone_object_id,,,,,,,,,,,,,,No YarnCone for this ObjectId
69e066fa00ca64e3cf58f37a,CONE ID05,4,cone_object_id,,,,,,,,,,,,,,No YarnCone for this ObjectId
69e0713800ca64e3cf591dc6,CONE ID05,4,cone_object_id,,,,,,,,,,,,,,No YarnCone for this ObjectId
69e086d700ca64e3cf594b2c,CONE ID05,4,cone_object_id,,,,,,,,,,,,,,No YarnCone for this ObjectId
69e086d700ca64e3cf594b38,CONE ID05,4,cone_object_id,,,,,,,,,,,,,,No YarnCone for this ObjectId
69e1b61d0b3c5500e1fde94e,CONE ID05,4,cone_object_id,,,,,,,,,,,,,,No YarnCone for this ObjectId
69e1be020b3c5500e1fe07a5,CONE ID05,4,cone_object_id,,,,,,,,,,,,,,No YarnCone for this ObjectId
69e1be020b3c5500e1fe07b0,CONE ID05,4,cone_object_id,,,,,,,,,,,,,,No YarnCone for this ObjectId
69e1be020b3c5500e1fe07b6,CONE ID05,4,cone_object_id,,,,,,,,,,,,,,No YarnCone for this ObjectId
69e1eca3cb6ce8081f0e022d,CONE ID05,4,cone_object_id,,,,,,,,,,,,,,No YarnCone for this ObjectId
69e3068a34696b42ea7b053a,CONE ID05,4,cone_object_id,,,,,,,,,,,,,,No YarnCone for this ObjectId
69e3089634696b42ea7b17b7,CONE ID05,4,cone_object_id,,,,,,,,,,,,,,No YarnCone for this ObjectId
69e3094834696b42ea7b1ca2,CONE ID05,4,cone_object_id,,,,,,,,,,,,,,No YarnCone for this ObjectId
69e3142934696b42ea7b40b5,CONE ID05,4,cone_object_id,,,,,,,,,,,,,,No YarnCone for this ObjectId
69e360a34dfe50532a0bea25,CONE ID05,4,cone_object_id,,,,,,,,,,,,,,No YarnCone for this ObjectId
69e360ff4dfe50532a0beedd,CONE ID05,4,cone_object_id,,,,,,,,,,,,,,No YarnCone for this ObjectId
69e361414dfe50532a0bf24c,CONE ID05,4,cone_object_id,,,,,,,,,,,,,,No YarnCone for this ObjectId
69e5bb944dfe50532a156ff6,CONE ID05,4,cone_object_id,,,,,,,,,,,,,,No YarnCone for this ObjectId
69e5bce64dfe50532a157527,CONE ID05,4,cone_object_id,,,,,,,,,,,,,,No YarnCone for this ObjectId
69e5bd6d4dfe50532a15776a,CONE ID05,4,cone_object_id,,,,,,,,,,,,,,No YarnCone for this ObjectId
69e5be1e4dfe50532a157b9f,CONE ID05,4,cone_object_id,,,,,,,,,,,,,,No YarnCone for this ObjectId
69e5be1e4dfe50532a157ba6,CONE ID05,4,cone_object_id,,,,,,,,,,,,,,No YarnCone for this ObjectId
69e5c14c4dfe50532a158240,CONE ID05,4,cone_object_id,,,,,,,,,,,,,,No YarnCone for this ObjectId
69e5c14c4dfe50532a158253,CONE ID05,4,cone_object_id,,,,,,,,,,,,,,No YarnCone for this ObjectId
69e5ca644dfe50532a16213f,CONE ID05,4,cone_object_id,,,,,,,,,,,,,,No YarnCone for this ObjectId
69e71c11f0694e7c1e2272a7,CONE ID05,4,cone_object_id,,,,,,,,,,,,,,No YarnCone for this ObjectId
69e84dff795e8688eebc581c,CONE ID05,4,cone_object_id,,,,,,,,,,,,,,No YarnCone for this ObjectId
69e84dff795e8688eebc5839,CONE ID05,4,cone_object_id,,,,,,,,,,,,,,No YarnCone for this ObjectId
69e84e35795e8688eebc5a26,CONE ID05,4,cone_object_id,,,,,,,,,,,,,,No YarnCone for this ObjectId
69e84e35795e8688eebc5a2d,CONE ID05,4,cone_object_id,,,,,,,,,,,,,,No YarnCone for this ObjectId
69e84eaa795e8688eebc6233,CONE ID05,4,cone_object_id,,,,,,,,,,,,,,No YarnCone for this ObjectId
69e84eaa795e8688eebc6243,CONE ID05,4,cone_object_id,,,,,,,,,,,,,,No YarnCone for this ObjectId
69e84eaa795e8688eebc6249,CONE ID05,4,cone_object_id,,,,,,,,,,,,,,No YarnCone for this ObjectId
69e8849a733c29bce005c50e,CONE ID05,4,cone_object_id,,,,,,,,,,,,,,No YarnCone for this ObjectId
69e8849a733c29bce005c515,CONE ID05,4,cone_object_id,,,,,,,,,,,,,,No YarnCone for this ObjectId
69e8849a733c29bce005c51c,CONE ID05,4,cone_object_id,,,,,,,,,,,,,,No YarnCone for this ObjectId
69e8849a733c29bce005c51f,CONE ID05,4,cone_object_id,,,,,,,,,,,,,,No YarnCone for this ObjectId
69e8849a733c29bce005c520,CONE ID05,4,cone_object_id,,,,,,,,,,,,,,No YarnCone for this ObjectId
69e8849a733c29bce005c524,CONE ID05,4,cone_object_id,,,,,,,,,,,,,,No YarnCone for this ObjectId
69e8a7be733c29bce008fe74,CONE ID05,4,cone_object_id,,,,,,,,,,,,,,No YarnCone for this ObjectId
69e8a7be733c29bce008fe78,CONE ID05,4,cone_object_id,,,,,,,,,,,,,,No YarnCone for this ObjectId
69e8aa8f733c29bce009117b,CONE ID05,4,cone_object_id,,,,,,,,,,,,,,No YarnCone for this ObjectId
69e8bdb1733c29bce0096d89,CONE ID05,4,cone_object_id,,,,,,,,,,,,,,No YarnCone for this ObjectId
69e8bea9733c29bce0097268,CONE ID05,4,cone_object_id,,,,,,,,,,,,,,No YarnCone for this ObjectId
69e8bea9733c29bce0097272,CONE ID05,4,cone_object_id,,,,,,,,,,,,,,No YarnCone for this ObjectId
69e8bea9733c29bce0097275,CONE ID05,4,cone_object_id,,,,,,,,,,,,,,No YarnCone for this ObjectId
69e8bea9733c29bce0097276,CONE ID05,4,cone_object_id,,,,,,,,,,,,,,No YarnCone for this ObjectId
69e8bea9733c29bce009727e,CONE ID05,4,cone_object_id,,,,,,,,,,,,,,No YarnCone for this ObjectId
69e9ac64733c29bce00ec223,CONE ID05,4,cone_object_id,,,,,,,,,,,,,,No YarnCone for this ObjectId
69e9acff733c29bce00ed8cb,CONE ID05,4,cone_object_id,,,,,,,,,,,,,,No YarnCone for this ObjectId
69e9adf2733c29bce00f0907,CONE ID05,4,cone_object_id,,,,,,,,,,,,,,No YarnCone for this ObjectId
69e9caea59aa9fc88a54e621,CONE ID05,4,cone_object_id,,,,,,,,,,,,,,No YarnCone for this ObjectId
69e9dc7f59aa9fc88a5689f1,CONE ID05,4,cone_object_id,,,,,,,,,,,,,,No YarnCone for this ObjectId
69e9f2e559aa9fc88a59371d,CONE ID05,4,cone_object_id,,,,,,,,,,,,,,No YarnCone for this ObjectId
69eb17c186f7ddd153e5848b,CONE ID05,4,cone_object_id,,,,,,,,,,,,,,No YarnCone for this ObjectId
69ec519386f7ddd153ecaaf0,CONE ID05,4,cone_object_id,,,,,,,,,,,,,,No YarnCone for this ObjectId
69ec519386f7ddd153ecaaf1,CONE ID05,4,cone_object_id,,,,,,,,,,,,,,No YarnCone for this ObjectId
69ec519386f7ddd153ecaaf2,CONE ID05,4,cone_object_id,,,,,,,,,,,,,,No YarnCone for this ObjectId
69ec519386f7ddd153ecaaf6,CONE ID05,4,cone_object_id,,,,,,,,,,,,,,No YarnCone for this ObjectId
69ec699386f7ddd153edea20,CONE ID05,4,cone_object_id,,,,,,,,,,,,,,No YarnCone for this ObjectId
69ec7ad286f7ddd153ef2661,CONE ID05,4,cone_object_id,,,,,,,,,,,,,,No YarnCone for this ObjectId
69eef55086f7ddd15309ad5d,CONE ID05,4,cone_object_id,,,,,,,,,,,,,,No YarnCone for this ObjectId
699aca0e4583baeaf6e65142,CONE ID05,4,cone_object_id,,,,,,,,,,,,,,No YarnCone for this ObjectId
69a26de6a47ecd5436f7064f,CONE ID05,4,cone_object_id,,,,,,,,,,,,,,No YarnCone for this ObjectId
69a26ea1a47ecd5436f7073f,CONE ID05,4,cone_object_id,,,,,,,,,,,,,,No YarnCone for this ObjectId
69a3ff6293145c5b28551644,CONE ID05,4,cone_object_id,,,,,,,,,,,,,,No YarnCone for this ObjectId
69a4155b93145c5b28552f58,CONE ID05,4,cone_object_id,,,,,,,,,,,,,,No YarnCone for this ObjectId
69a4155b93145c5b28552f64,CONE ID05,4,cone_object_id,,,,,,,,,,,,,,No YarnCone for this ObjectId
69a5248093145c5b28554bc2,CONE ID05,4,cone_object_id,,,,,,,,,,,,,,No YarnCone for this ObjectId
69a5248093145c5b28554bc8,CONE ID05,4,cone_object_id,,,,,,,,,,,,,,No YarnCone for this ObjectId
69a5645693145c5b28578b36,CONE ID05,4,cone_object_id,,,,,,,,,,,,,,No YarnCone for this ObjectId
69a5645693145c5b28578b37,CONE ID05,4,cone_object_id,,,,,,,,,,,,,,No YarnCone for this ObjectId
69a564c693145c5b28578c06,CONE ID05,4,cone_object_id,,,,,,,,,,,,,,No YarnCone for this ObjectId
69ae4a36777d8cba6a19bbd1,CONE ID05,4,cone_object_id,,,,,,,,,,,,,,No YarnCone for this ObjectId
69b1165905b3bddb852811e7,CONE ID05,4,cone_object_id,,,,,,,,,,,,,,No YarnCone for this ObjectId
69b1276805b3bddb85281e3e,CONE ID05,4,cone_object_id,,,,,,,,,,,,,,No YarnCone for this ObjectId
69b50102be0ce216017e94ba,CONE ID05,4,cone_object_id,,,,,,,,,,,,,,No YarnCone for this ObjectId
69b7eccca6225d28d31cd6d0,CONE ID05,4,cone_object_id,,,,,,,,,,,,,,No YarnCone for this ObjectId
69b7eccca6225d28d31cd6da,CONE ID05,4,cone_object_id,,,,,,,,,,,,,,No YarnCone for this ObjectId
69b7eccca6225d28d31cd6f6,CONE ID05,4,cone_object_id,,,,,,,,,,,,,,No YarnCone for this ObjectId
69b7eccca6225d28d31cd6fe,CONE ID05,4,cone_object_id,,,,,,,,,,,,,,No YarnCone for this ObjectId
69b7eccca6225d28d31cd717,CONE ID05,4,cone_object_id,,,,,,,,,,,,,,No YarnCone for this ObjectId
69b8d4a5a6225d28d31d372e,CONE ID05,4,cone_object_id,,,,,,,,,,,,,,No YarnCone for this ObjectId
69b8d50ea6225d28d31d381c,CONE ID05,4,cone_object_id,,,,,,,,,,,,,,No YarnCone for this ObjectId
69b9135b6337f93f422f59ea,CONE ID05,4,cone_object_id,,,,,,,,,,,,,,No YarnCone for this ObjectId
69b943a8b9f0c244de557217,CONE ID05,4,cone_object_id,,,,,,,,,,,,,,No YarnCone for this ObjectId
69b946d8b9f0c244de5576f3,CONE ID05,4,cone_object_id,,,,,,,,,,,,,,No YarnCone for this ObjectId
69b947ceb9f0c244de557b1d,CONE ID05,4,cone_object_id,,,,,,,,,,,,,,No YarnCone for this ObjectId
69ba544d4d47625b519ea019,CONE ID05,4,cone_object_id,,,,,,,,,,,,,,No YarnCone for this ObjectId
69ba54c74d47625b519ea16a,CONE ID05,4,cone_object_id,,,,,,,,,,,,,,No YarnCone for this ObjectId
69ba54c74d47625b519ea16f,CONE ID05,4,cone_object_id,,,,,,,,,,,,,,No YarnCone for this ObjectId
69ba54c74d47625b519ea17f,CONE ID05,4,cone_object_id,,,,,,,,,,,,,,No YarnCone for this ObjectId
69bcf185500e0993b26cc71f,CONE ID05,4,cone_object_id,,,,,,,,,,,,,,No YarnCone for this ObjectId
69be25b422f72a9b530dbefd,CONE ID05,4,cone_object_id,,,,,,,,,,,,,,No YarnCone for this ObjectId
69be25b422f72a9b530dbf19,CONE ID05,4,cone_object_id,,,,,,,,,,,,,,No YarnCone for this ObjectId
69be25c922f72a9b530dc045,CONE ID05,4,cone_object_id,,,,,,,,,,,,,,No YarnCone for this ObjectId
69be25c922f72a9b530dc054,CONE ID05,4,cone_object_id,,,,,,,,,,,,,,No YarnCone for this ObjectId
69be25c922f72a9b530dc068,CONE ID05,4,cone_object_id,,,,,,,,,,,,,,No YarnCone for this ObjectId
69be25c922f72a9b530dc06a,CONE ID05,4,cone_object_id,,,,,,,,,,,,,,No YarnCone for this ObjectId
69bfa9a4beea45a970c3e71d,CONE ID05,4,cone_object_id,,,,,,,,,,,,,,No YarnCone for this ObjectId
69bfa9a4beea45a970c3e71f,CONE ID05,4,cone_object_id,,,,,,,,,,,,,,No YarnCone for this ObjectId
69bfa9a4beea45a970c3e721,CONE ID05,4,cone_object_id,,,,,,,,,,,,,,No YarnCone for this ObjectId
69bfa9a4beea45a970c3e723,CONE ID05,4,cone_object_id,,,,,,,,,,,,,,No YarnCone for this ObjectId
69bfa9a4beea45a970c3e726,CONE ID05,4,cone_object_id,,,,,,,,,,,,,,No YarnCone for this ObjectId
69bfb2aebeea45a970c3f06e,CONE ID05,4,cone_object_id,,,,,,,,,,,,,,No YarnCone for this ObjectId
69c0e4c7beea45a970c46046,CONE ID05,4,cone_object_id,,,,,,,,,,,,,,No YarnCone for this ObjectId
69c0fd06beea45a970c48868,CONE ID05,4,cone_object_id,,,,,,,,,,,,,,No YarnCone for this ObjectId
69c0fd06beea45a970c4886e,CONE ID05,4,cone_object_id,,,,,,,,,,,,,,No YarnCone for this ObjectId
69c0fd06beea45a970c48873,CONE ID05,4,cone_object_id,,,,,,,,,,,,,,No YarnCone for this ObjectId
69c0fd06beea45a970c48875,CONE ID05,4,cone_object_id,,,,,,,,,,,,,,No YarnCone for this ObjectId
69c20aadbeea45a970c61fed,CONE ID05,4,cone_object_id,,,,,,,,,,,,,,No YarnCone for this ObjectId
69c20aadbeea45a970c61fef,CONE ID05,4,cone_object_id,,,,,,,,,,,,,,No YarnCone for this ObjectId
69c20aadbeea45a970c61ff1,CONE ID05,4,cone_object_id,,,,,,,,,,,,,,No YarnCone for this ObjectId
69c20aadbeea45a970c61ff2,CONE ID05,4,cone_object_id,,,,,,,,,,,,,,No YarnCone for this ObjectId
69c20aadbeea45a970c61ff6,CONE ID05,4,cone_object_id,,,,,,,,,,,,,,No YarnCone for this ObjectId
69c20aadbeea45a970c61ff7,CONE ID05,4,cone_object_id,,,,,,,,,,,,,,No YarnCone for this ObjectId
69c20aadbeea45a970c61ff8,CONE ID05,4,cone_object_id,,,,,,,,,,,,,,No YarnCone for this ObjectId
69c20aadbeea45a970c61ffe,CONE ID05,4,cone_object_id,,,,,,,,,,,,,,No YarnCone for this ObjectId
69c20aadbeea45a970c61fff,CONE ID05,4,cone_object_id,,,,,,,,,,,,,,No YarnCone for this ObjectId
69c20aadbeea45a970c62005,CONE ID05,4,cone_object_id,,,,,,,,,,,,,,No YarnCone for this ObjectId
69c20aadbeea45a970c62007,CONE ID05,4,cone_object_id,,,,,,,,,,,,,,No YarnCone for this ObjectId
69c20aadbeea45a970c62008,CONE ID05,4,cone_object_id,,,,,,,,,,,,,,No YarnCone for this ObjectId
69c20aadbeea45a970c6200b,CONE ID05,4,cone_object_id,,,,,,,,,,,,,,No YarnCone for this ObjectId
69c20aadbeea45a970c6200c,CONE ID05,4,cone_object_id,,,,,,,,,,,,,,No YarnCone for this ObjectId
69c20aadbeea45a970c6200d,CONE ID05,4,cone_object_id,,,,,,,,,,,,,,No YarnCone for this ObjectId
69c20aadbeea45a970c62012,CONE ID05,4,cone_object_id,,,,,,,,,,,,,,No YarnCone for this ObjectId
69c21031beea45a970c63659,CONE ID05,4,cone_object_id,,,,,,,,,,,,,,No YarnCone for this ObjectId
69c229ecbeea45a970c66d2f,CONE ID05,4,cone_object_id,,,,,,,,,,,,,,No YarnCone for this ObjectId
69c229ecbeea45a970c66d36,CONE ID05,4,cone_object_id,,,,,,,,,,,,,,No YarnCone for this ObjectId
69c229ecbeea45a970c66d3d,CONE ID05,4,cone_object_id,,,,,,,,,,,,,,No YarnCone for this ObjectId
69c229ecbeea45a970c66d40,CONE ID05,4,cone_object_id,,,,,,,,,,,,,,No YarnCone for this ObjectId
69c26d4a421268c3c1b3a6a1,CONE ID05,4,cone_object_id,,,,,,,,,,,,,,No YarnCone for this ObjectId
69c27add421268c3c1b3dbe8,CONE ID05,4,cone_object_id,,,,,,,,,,,,,,No YarnCone for this ObjectId
69c27add421268c3c1b3dbed,CONE ID05,4,cone_object_id,,,,,,,,,,,,,,No YarnCone for this ObjectId
69c36b71696bdcc5dbb6f76e,CONE ID05,4,cone_object_id,,,,,,,,,,,,,,No YarnCone for this ObjectId
69c3e0cea7819fd050b25937,CONE ID05,4,cone_object_id,,,,,,,,,,,,,,No YarnCone for this ObjectId
69c4e1cca7819fd050b39ebe,CONE ID05,4,cone_object_id,,,,,,,,,,,,,,No YarnCone for this ObjectId
69c637b914badff1b9e60734,CONE ID05,4,cone_object_id,,,,,,,,,,,,,,No YarnCone for this ObjectId
69c653f514badff1b9e6b97d,CONE ID05,4,cone_object_id,,,,,,,,,,,,,,No YarnCone for this ObjectId
69c6565614badff1b9e6c423,CONE ID05,4,cone_object_id,,,,,,,,,,,,,,No YarnCone for this ObjectId
69c656d114badff1b9e6c641,CONE ID05,4,cone_object_id,,,,,,,,,,,,,,No YarnCone for this ObjectId
69c656d114badff1b9e6c644,CONE ID05,4,cone_object_id,,,,,,,,,,,,,,No YarnCone for this ObjectId
69c77389a077d3fbb38e1e1b,CONE ID05,4,cone_object_id,,,,,,,,,,,,,,No YarnCone for this ObjectId
69c7c6b77b9dd20a856a29e2,CONE ID05,4,cone_object_id,,,,,,,,,,,,,,No YarnCone for this ObjectId
69ca3fbc0ab7021c82e50c6b,CONE ID05,4,cone_object_id,,,,,,,,,,,,,,No YarnCone for this ObjectId
69cb8b03ff9f99209b6610b2,CONE ID05,4,cone_object_id,,,,,,,,,,,,,,No YarnCone for this ObjectId
69cb8b03ff9f99209b6610ba,CONE ID05,4,cone_object_id,,,,,,,,,,,,,,No YarnCone for this ObjectId
69cb8b03ff9f99209b6610c0,CONE ID05,4,cone_object_id,,,,,,,,,,,,,,No YarnCone for this ObjectId
69cb8b03ff9f99209b6610c5,CONE ID05,4,cone_object_id,,,,,,,,,,,,,,No YarnCone for this ObjectId
69cca571ff9f99209b68e601,CONE ID05,4,cone_object_id,,,,,,,,,,,,,,No YarnCone for this ObjectId
69ccc512ff9f99209b696ea9,CONE ID05,4,cone_object_id,,,,,,,,,,,,,,No YarnCone for this ObjectId
69ccc512ff9f99209b696eb5,CONE ID05,4,cone_object_id,,,,,,,,,,,,,,No YarnCone for this ObjectId
69ccc512ff9f99209b696eb9,CONE ID05,4,cone_object_id,,,,,,,,,,,,,,No YarnCone for this ObjectId
69ccc512ff9f99209b696ebb,CONE ID05,4,cone_object_id,,,,,,,,,,,,,,No YarnCone for this ObjectId
69ccc512ff9f99209b696ec0,CONE ID05,4,cone_object_id,,,,,,,,,,,,,,No YarnCone for this ObjectId
69ccc547ff9f99209b697014,CONE ID05,4,cone_object_id,,,,,,,,,,,,,,No YarnCone for this ObjectId
69ccc547ff9f99209b69701b,CONE ID05,4,cone_object_id,,,,,,,,,,,,,,No YarnCone for this ObjectId
69ccc547ff9f99209b69701c,CONE ID05,4,cone_object_id,,,,,,,,,,,,,,No YarnCone for this ObjectId
69ccc547ff9f99209b697025,CONE ID05,4,cone_object_id,,,,,,,,,,,,,,No YarnCone for this ObjectId
69ccc547ff9f99209b697028,CONE ID05,4,cone_object_id,,,,,,,,,,,,,,No YarnCone for this ObjectId
69ccc547ff9f99209b69702c,CONE ID05,4,cone_object_id,,,,,,,,,,,,,,No YarnCone for this ObjectId
69ccc547ff9f99209b697036,CONE ID05,4,cone_object_id,,,,,,,,,,,,,,No YarnCone for this ObjectId
69ccccfdff9f99209b69778f,CONE ID05,4,cone_object_id,,,,,,,,,,,,,,No YarnCone for this ObjectId
69ccccfdff9f99209b697790,CONE ID05,4,cone_object_id,,,,,,,,,,,,,,No YarnCone for this ObjectId
69cccd49ff9f99209b697939,CONE ID05,4,cone_object_id,,,,,,,,,,,,,,No YarnCone for this ObjectId
69cd0f3bff9f99209b6b4130,CONE ID05,4,cone_object_id,,,,,,,,,,,,,,No YarnCone for this ObjectId
69ce1b32ff9f99209b6cf914,CONE ID05,4,cone_object_id,,,,,,,,,,,,,,No YarnCone for this ObjectId
69ce3e12a15c8c3be2e7e493,CONE ID05,4,cone_object_id,,,,,,,,,,,,,,No YarnCone for this ObjectId
69ce3e12a15c8c3be2e7e494,CONE ID05,4,cone_object_id,,,,,,,,,,,,,,No YarnCone for this ObjectId
69ce3e12a15c8c3be2e7e499,CONE ID05,4,cone_object_id,,,,,,,,,,,,,,No YarnCone for this ObjectId
69ce3e39a15c8c3be2e7e616,CONE ID05,4,cone_object_id,,,,,,,,,,,,,,No YarnCone for this ObjectId
69ce3e39a15c8c3be2e7e619,CONE ID05,4,cone_object_id,,,,,,,,,,,,,,No YarnCone for this ObjectId
69ce3e39a15c8c3be2e7e61a,CONE ID05,4,cone_object_id,,,,,,,,,,,,,,No YarnCone for this ObjectId
69ce3e39a15c8c3be2e7e623,CONE ID05,4,cone_object_id,,,,,,,,,,,,,,No YarnCone for this ObjectId
69cf9c2a97fe9152fa9d4d33,CONE ID05,4,cone_object_id,,,,,,,,,,,,,,No YarnCone for this ObjectId
69d09e6c97fe9152fa9e7d7b,CONE ID05,4,cone_object_id,,,,,,,,,,,,,,No YarnCone for this ObjectId
69d0a06097fe9152fa9e8348,CONE ID05,4,cone_object_id,,,,,,,,,,,,,,No YarnCone for this ObjectId
69d0a06097fe9152fa9e834f,CONE ID05,4,cone_object_id,,,,,,,,,,,,,,No YarnCone for this ObjectId
69d0a09197fe9152fa9e85de,CONE ID05,4,cone_object_id,,,,,,,,,,,,,,No YarnCone for this ObjectId
69d0a09197fe9152fa9e85df,CONE ID05,4,cone_object_id,,,,,,,,,,,,,,No YarnCone for this ObjectId
69d0a09197fe9152fa9e85e0,CONE ID05,4,cone_object_id,,,,,,,,,,,,,,No YarnCone for this ObjectId
69d0a09197fe9152fa9e85e1,CONE ID05,4,cone_object_id,,,,,,,,,,,,,,No YarnCone for this ObjectId
69d0a09197fe9152fa9e85e2,CONE ID05,4,cone_object_id,,,,,,,,,,,,,,No YarnCone for this ObjectId
69d0a09197fe9152fa9e85e3,CONE ID05,4,cone_object_id,,,,,,,,,,,,,,No YarnCone for this ObjectId
69d0a09197fe9152fa9e85e5,CONE ID05,4,cone_object_id,,,,,,,,,,,,,,No YarnCone for this ObjectId
69d0a09197fe9152fa9e85e9,CONE ID05,4,cone_object_id,,,,,,,,,,,,,,No YarnCone for this ObjectId
69d0a10897fe9152fa9e8775,CONE ID05,4,cone_object_id,,,,,,,,,,,,,,No YarnCone for this ObjectId
69d0c84a97fe9152fa9f2b7b,CONE ID05,4,cone_object_id,,,,,,,,,,,,,,No YarnCone for this ObjectId
69d3317797fe9152faa50472,CONE ID05,4,cone_object_id,,,,,,,,,,,,,,No YarnCone for this ObjectId
69d3317797fe9152faa50473,CONE ID05,4,cone_object_id,,,,,,,,,,,,,,No YarnCone for this ObjectId
69d3317797fe9152faa50476,CONE ID05,4,cone_object_id,,,,,,,,,,,,,,No YarnCone for this ObjectId
69d3317797fe9152faa50477,CONE ID05,4,cone_object_id,,,,,,,,,,,,,,No YarnCone for this ObjectId
69d3317797fe9152faa50479,CONE ID05,4,cone_object_id,,,,,,,,,,,,,,No YarnCone for this ObjectId
69d3317797fe9152faa5047a,CONE ID05,4,cone_object_id,,,,,,,,,,,,,,No YarnCone for this ObjectId
69d3317797fe9152faa5047b,CONE ID05,4,cone_object_id,,,,,,,,,,,,,,No YarnCone for this ObjectId
69d3317797fe9152faa50483,CONE ID05,4,cone_object_id,,,,,,,,,,,,,,No YarnCone for this ObjectId
69d399982614366a5d8867a3,CONE ID05,4,cone_object_id,,,,,,,,,,,,,,No YarnCone for this ObjectId
69d399982614366a5d8867a4,CONE ID05,4,cone_object_id,,,,,,,,,,,,,,No YarnCone for this ObjectId
69d399982614366a5d8867a5,CONE ID05,4,cone_object_id,,,,,,,,,,,,,,No YarnCone for this ObjectId
69d399982614366a5d8867a7,CONE ID05,4,cone_object_id,,,,,,,,,,,,,,No YarnCone for this ObjectId
69d399982614366a5d8867ac,CONE ID05,4,cone_object_id,,,,,,,,,,,,,,No YarnCone for this ObjectId
69d490b12614366a5d8aed09,CONE ID05,4,cone_object_id,,,,,,,,,,,,,,No YarnCone for this ObjectId
69d4afff2614366a5d8b9343,CONE ID05,4,cone_object_id,,,,,,,,,,,,,,No YarnCone for this ObjectId
69d4afff2614366a5d8b9346,CONE ID05,4,cone_object_id,,,,,,,,,,,,,,No YarnCone for this ObjectId
69d4db4ab89662732f7f256a,CONE ID05,4,cone_object_id,,,,,,,,,,,,,,No YarnCone for this ObjectId
69d5d6c2b89662732f81763f,CONE ID05,4,cone_object_id,,,,,,,,,,,,,,No YarnCone for this ObjectId
69d62d20b89662732f838a58,CONE ID05,4,cone_object_id,,,,,,,,,,,,,,No YarnCone for this ObjectId
69d62d97b89662732f838dc4,CONE ID05,4,cone_object_id,,,,,,,,,,,,,,No YarnCone for this ObjectId
69d62d97b89662732f838dcd,CONE ID05,4,cone_object_id,,,,,,,,,,,,,,No YarnCone for this ObjectId
69d62d97b89662732f838dd5,CONE ID05,4,cone_object_id,,,,,,,,,,,,,,No YarnCone for this ObjectId
69d635edb89662732f83d5a3,CONE ID05,4,cone_object_id,,,,,,,,,,,,,,No YarnCone for this ObjectId
69d72ecfedc59d9ec1ff3367,CONE ID05,4,cone_object_id,,,,,,,,,,,,,,No YarnCone for this ObjectId
69d72f01edc59d9ec1ff354a,CONE ID05,4,cone_object_id,,,,,,,,,,,,,,No YarnCone for this ObjectId
69d72f01edc59d9ec1ff3551,CONE ID05,4,cone_object_id,,,,,,,,,,,,,,No YarnCone for this ObjectId
69d72f46edc59d9ec1ff371c,CONE ID05,4,cone_object_id,,,,,,,,,,,,,,No YarnCone for this ObjectId
69d75158edc59d9ec1012ea8,CONE ID05,4,cone_object_id,,,,,,,,,,,,,,No YarnCone for this ObjectId
69d7838fedc59d9ec1024c33,CONE ID05,4,cone_object_id,,,,,,,,,,,,,,No YarnCone for this ObjectId
69d783bcedc59d9ec1024d63,CONE ID05,4,cone_object_id,,,,,,,,,,,,,,No YarnCone for this ObjectId
69d7907cedc59d9ec1028f51,CONE ID05,4,cone_object_id,,,,,,,,,,,,,,No YarnCone for this ObjectId
69d7907cedc59d9ec1028f53,CONE ID05,4,cone_object_id,,,,,,,,,,,,,,No YarnCone for this ObjectId
69d7907cedc59d9ec1028f5f,CONE ID05,4,cone_object_id,,,,,,,,,,,,,,No YarnCone for this ObjectId
69d7907cedc59d9ec1028f69,CONE ID05,4,cone_object_id,,,,,,,,,,,,,,No YarnCone for this ObjectId
69d8b1e3edc59d9ec1056b92,CONE ID05,4,cone_object_id,,,,,,,,,,,,,,No YarnCone for this ObjectId
69d8b21cedc59d9ec1056ea5,CONE ID05,4,cone_object_id,,,,,,,,,,,,,,No YarnCone for this ObjectId
69d8b230edc59d9ec105716f,CONE ID05,4,cone_object_id,,,,,,,,,,,,,,No YarnCone for this ObjectId
69d8c724edc59d9ec105e1af,CONE ID05,4,cone_object_id,,,,,,,,,,,,,,No YarnCone for this ObjectId
69d8c724edc59d9ec105e1b5,CONE ID05,4,cone_object_id,,,,,,,,,,,,,,No YarnCone for this ObjectId
69d8c724edc59d9ec105e1b9,CONE ID05,4,cone_object_id,,,,,,,,,,,,,,No YarnCone for this ObjectId
69d8f622edc59d9ec106b6c2,CONE ID05,4,cone_object_id,,,,,,,,,,,,,,No YarnCone for this ObjectId
69d8f622edc59d9ec106b6c9,CONE ID05,4,cone_object_id,,,,,,,,,,,,,,No YarnCone for this ObjectId
69d8f622edc59d9ec106b6d3,CONE ID05,4,cone_object_id,,,,,,,,,,,,,,No YarnCone for this ObjectId
69da1969edc59d9ec10aae5f,CONE ID05,4,cone_object_id,,,,,,,,,,,,,,No YarnCone for this ObjectId
69da1969edc59d9ec10aae6a,CONE ID05,4,cone_object_id,,,,,,,,,,,,,,No YarnCone for this ObjectId
69dc78dfd0bd6cbf13e4af75,CONE ID05,4,cone_object_id,,,,,,,,,,,,,,No YarnCone for this ObjectId
69dcaedea19ee8d30f4a7a24,CONE ID05,4,cone_object_id,,,,,,,,,,,,,,No YarnCone for this ObjectId
69dccf3da19ee8d30f4ae9d7,CONE ID05,4,cone_object_id,,,,,,,,,,,,,,No YarnCone for this ObjectId
69dccf3da19ee8d30f4ae9d9,CONE ID05,4,cone_object_id,,,,,,,,,,,,,,No YarnCone for this ObjectId
69dccf3da19ee8d30f4ae9de,CONE ID05,4,cone_object_id,,,,,,,,,,,,,,No YarnCone for this ObjectId
69e064d600ca64e3cf58e706,CONE ID05,4,cone_object_id,,,,,,,,,,,,,,No YarnCone for this ObjectId
69e1eca3cb6ce8081f0e0234,CONE ID05,4,cone_object_id,,,,,,,,,,,,,,No YarnCone for this ObjectId
69e360c04dfe50532a0beb9e,CONE ID05,4,cone_object_id,,,,,,,,,,,,,,No YarnCone for this ObjectId
69e360c04dfe50532a0bebbb,CONE ID05,4,cone_object_id,,,,,,,,,,,,,,No YarnCone for this ObjectId
69e360c04dfe50532a0bebbf,CONE ID05,4,cone_object_id,,,,,,,,,,,,,,No YarnCone for this ObjectId
69e5bb944dfe50532a156fef,CONE ID05,4,cone_object_id,,,,,,,,,,,,,,No YarnCone for this ObjectId
69e5bb944dfe50532a156ff4,CONE ID05,4,cone_object_id,,,,,,,,,,,,,,No YarnCone for this ObjectId
69e5bb944dfe50532a156ff8,CONE ID05,4,cone_object_id,,,,,,,,,,,,,,No YarnCone for this ObjectId
69e5bb944dfe50532a156fff,CONE ID05,4,cone_object_id,,,,,,,,,,,,,,No YarnCone for this ObjectId
69e5bb944dfe50532a157002,CONE ID05,4,cone_object_id,,,,,,,,,,,,,,No YarnCone for this ObjectId
69e5bb944dfe50532a157005,CONE ID05,4,cone_object_id,,,,,,,,,,,,,,No YarnCone for this ObjectId
69e5be1e4dfe50532a157b96,CONE ID05,4,cone_object_id,,,,,,,,,,,,,,No YarnCone for this ObjectId
69e5ef8b4dfe50532a16ca92,CONE ID05,4,cone_object_id,,,,,,,,,,,,,,No YarnCone for this ObjectId
69e5ef8b4dfe50532a16ca96,CONE ID05,4,cone_object_id,,,,,,,,,,,,,,No YarnCone for this ObjectId
69e5ef8b4dfe50532a16ca97,CONE ID05,4,cone_object_id,,,,,,,,,,,,,,No YarnCone for this ObjectId
69e5ef8b4dfe50532a16ca98,CONE ID05,4,cone_object_id,,,,,,,,,,,,,,No YarnCone for this ObjectId
69e5ef8b4dfe50532a16ca9a,CONE ID05,4,cone_object_id,,,,,,,,,,,,,,No YarnCone for this ObjectId
69e5ef8b4dfe50532a16ca9b,CONE ID05,4,cone_object_id,,,,,,,,,,,,,,No YarnCone for this ObjectId
69e5ef8b4dfe50532a16ca9c,CONE ID05,4,cone_object_id,,,,,,,,,,,,,,No YarnCone for this ObjectId
69e5ef8b4dfe50532a16caa1,CONE ID05,4,cone_object_id,,,,,,,,,,,,,,No YarnCone for this ObjectId
69e5ef8b4dfe50532a16caa3,CONE ID05,4,cone_object_id,,,,,,,,,,,,,,No YarnCone for this ObjectId
69e5ef8b4dfe50532a16caa4,CONE ID05,4,cone_object_id,,,,,,,,,,,,,,No YarnCone for this ObjectId
69e5ef8b4dfe50532a16caa5,CONE ID05,4,cone_object_id,,,,,,,,,,,,,,No YarnCone for this ObjectId
69e5ef8b4dfe50532a16caa7,CONE ID05,4,cone_object_id,,,,,,,,,,,,,,No YarnCone for this ObjectId
69e5ef8b4dfe50532a16caa8,CONE ID05,4,cone_object_id,,,,,,,,,,,,,,No YarnCone for this ObjectId
69e5ef8b4dfe50532a16caa9,CONE ID05,4,cone_object_id,,,,,,,,,,,,,,No YarnCone for this ObjectId
69e5ef8b4dfe50532a16caab,CONE ID05,4,cone_object_id,,,,,,,,,,,,,,No YarnCone for this ObjectId
69e5ef8b4dfe50532a16caac,CONE ID05,4,cone_object_id,,,,,,,,,,,,,,No YarnCone for this ObjectId
69e5ef8b4dfe50532a16caad,CONE ID05,4,cone_object_id,,,,,,,,,,,,,,No YarnCone for this ObjectId
69e5ef8b4dfe50532a16caae,CONE ID05,4,cone_object_id,,,,,,,,,,,,,,No YarnCone for this ObjectId
69e5ef8b4dfe50532a16caaf,CONE ID05,4,cone_object_id,,,,,,,,,,,,,,No YarnCone for this ObjectId
69e5ef8b4dfe50532a16cab0,CONE ID05,4,cone_object_id,,,,,,,,,,,,,,No YarnCone for this ObjectId
69e5ef8b4dfe50532a16cab1,CONE ID05,4,cone_object_id,,,,,,,,,,,,,,No YarnCone for this ObjectId
69e5ef8b4dfe50532a16cab2,CONE ID05,4,cone_object_id,,,,,,,,,,,,,,No YarnCone for this ObjectId
69e5ef8b4dfe50532a16cab3,CONE ID05,4,cone_object_id,,,,,,,,,,,,,,No YarnCone for this ObjectId
69e5ef8b4dfe50532a16cab4,CONE ID05,4,cone_object_id,,,,,,,,,,,,,,No YarnCone for this ObjectId
69e5ef8b4dfe50532a16cab5,CONE ID05,4,cone_object_id,,,,,,,,,,,,,,No YarnCone for this ObjectId
69e5ef8b4dfe50532a16cab7,CONE ID05,4,cone_object_id,,,,,,,,,,,,,,No YarnCone for this ObjectId
69e5ef8b4dfe50532a16cab8,CONE ID05,4,cone_object_id,,,,,,,,,,,,,,No YarnCone for this ObjectId
69e5ef8b4dfe50532a16cab9,CONE ID05,4,cone_object_id,,,,,,,,,,,,,,No YarnCone for this ObjectId
69e5f1904dfe50532a16de2f,CONE ID05,4,cone_object_id,,,,,,,,,,,,,,No YarnCone for this ObjectId
69e71e95f0694e7c1e227f5c,CONE ID05,4,cone_object_id,,,,,,,,,,,,,,No YarnCone for this ObjectId
69e71e95f0694e7c1e227f5e,CONE ID05,4,cone_object_id,,,,,,,,,,,,,,No YarnCone for this ObjectId
69e71e95f0694e7c1e227f60,CONE ID05,4,cone_object_id,,,,,,,,,,,,,,No YarnCone for this ObjectId
69e71e95f0694e7c1e227f62,CONE ID05,4,cone_object_id,,,,,,,,,,,,,,No YarnCone for this ObjectId
69e71e95f0694e7c1e227f63,CONE ID05,4,cone_object_id,,,,,,,,,,,,,,No YarnCone for this ObjectId
69e71e95f0694e7c1e227f6a,CONE ID05,4,cone_object_id,,,,,,,,,,,,,,No YarnCone for this ObjectId
69e71e95f0694e7c1e227f6c,CONE ID05,4,cone_object_id,,,,,,,,,,,,,,No YarnCone for this ObjectId
69e71e95f0694e7c1e227f76,CONE ID05,4,cone_object_id,,,,,,,,,,,,,,No YarnCone for this ObjectId
69e71e95f0694e7c1e227f77,CONE ID05,4,cone_object_id,,,,,,,,,,,,,,No YarnCone for this ObjectId
69e84eaa795e8688eebc6238,CONE ID05,4,cone_object_id,,,,,,,,,,,,,,No YarnCone for this ObjectId
69e84eaa795e8688eebc623d,CONE ID05,4,cone_object_id,,,,,,,,,,,,,,No YarnCone for this ObjectId
69e84eaa795e8688eebc623f,CONE ID05,4,cone_object_id,,,,,,,,,,,,,,No YarnCone for this ObjectId
69e84eaa795e8688eebc6240,CONE ID05,4,cone_object_id,,,,,,,,,,,,,,No YarnCone for this ObjectId
69e84eaa795e8688eebc6242,CONE ID05,4,cone_object_id,,,,,,,,,,,,,,No YarnCone for this ObjectId
69e84eaa795e8688eebc624b,CONE ID05,4,cone_object_id,,,,,,,,,,,,,,No YarnCone for this ObjectId
69e8849a733c29bce005c506,CONE ID05,4,cone_object_id,,,,,,,,,,,,,,No YarnCone for this ObjectId
69e8849a733c29bce005c516,CONE ID05,4,cone_object_id,,,,,,,,,,,,,,No YarnCone for this ObjectId
69e8849a733c29bce005c517,CONE ID05,4,cone_object_id,,,,,,,,,,,,,,No YarnCone for this ObjectId
69e8849a733c29bce005c518,CONE ID05,4,cone_object_id,,,,,,,,,,,,,,No YarnCone for this ObjectId
69e8849a733c29bce005c519,CONE ID05,4,cone_object_id,,,,,,,,,,,,,,No YarnCone for this ObjectId
69e8849a733c29bce005c51a,CONE ID05,4,cone_object_id,,,,,,,,,,,,,,No YarnCone for this ObjectId
69e8849a733c29bce005c51b,CONE ID05,4,cone_object_id,,,,,,,,,,,,,,No YarnCone for this ObjectId
69e8849a733c29bce005c51d,CONE ID05,4,cone_object_id,,,,,,,,,,,,,,No YarnCone for this ObjectId
69e8849a733c29bce005c51e,CONE ID05,4,cone_object_id,,,,,,,,,,,,,,No YarnCone for this ObjectId
69e8849a733c29bce005c521,CONE ID05,4,cone_object_id,,,,,,,,,,,,,,No YarnCone for this ObjectId
69e8849a733c29bce005c522,CONE ID05,4,cone_object_id,,,,,,,,,,,,,,No YarnCone for this ObjectId
69e8849a733c29bce005c523,CONE ID05,4,cone_object_id,,,,,,,,,,,,,,No YarnCone for this ObjectId
69e884b8733c29bce005c9c1,CONE ID05,4,cone_object_id,,,,,,,,,,,,,,No YarnCone for this ObjectId
69e884b8733c29bce005c9c2,CONE ID05,4,cone_object_id,,,,,,,,,,,,,,No YarnCone for this ObjectId
69e884b8733c29bce005c9c4,CONE ID05,4,cone_object_id,,,,,,,,,,,,,,No YarnCone for this ObjectId
69e884b8733c29bce005c9c6,CONE ID05,4,cone_object_id,,,,,,,,,,,,,,No YarnCone for this ObjectId
69e884b8733c29bce005c9ca,CONE ID05,4,cone_object_id,,,,,,,,,,,,,,No YarnCone for this ObjectId
69e884b8733c29bce005c9cb,CONE ID05,4,cone_object_id,,,,,,,,,,,,,,No YarnCone for this ObjectId
69e884d2733c29bce005cdeb,CONE ID05,4,cone_object_id,,,,,,,,,,,,,,No YarnCone for this ObjectId
69e884d2733c29bce005cdf0,CONE ID05,4,cone_object_id,,,,,,,,,,,,,,No YarnCone for this ObjectId
69e8bdb1733c29bce0096d83,CONE ID05,4,cone_object_id,,,,,,,,,,,,,,No YarnCone for this ObjectId
69e8bea9733c29bce009725e,CONE ID05,4,cone_object_id,,,,,,,,,,,,,,No YarnCone for this ObjectId
69e8bea9733c29bce009725f,CONE ID05,4,cone_object_id,,,,,,,,,,,,,,No YarnCone for this ObjectId
69e8bea9733c29bce0097261,CONE ID05,4,cone_object_id,,,,,,,,,,,,,,No YarnCone for this ObjectId
69e8bea9733c29bce0097265,CONE ID05,4,cone_object_id,,,,,,,,,,,,,,No YarnCone for this ObjectId
69e8c462733c29bce009a4af,CONE ID05,4,cone_object_id,,,,,,,,,,,,,,No YarnCone for this ObjectId
69e8c462733c29bce009a4b2,CONE ID05,4,cone_object_id,,,,,,,,,,,,,,No YarnCone for this ObjectId
69e8c462733c29bce009a4b4,CONE ID05,4,cone_object_id,,,,,,,,,,,,,,No YarnCone for this ObjectId
69e9adf2733c29bce00f08fd,CONE ID05,4,cone_object_id,,,,,,,,,,,,,,No YarnCone for this ObjectId
69e9adf2733c29bce00f08fe,CONE ID05,4,cone_object_id,,,,,,,,,,,,,,No YarnCone for this ObjectId
69e9adf2733c29bce00f08ff,CONE ID05,4,cone_object_id,,,,,,,,,,,,,,No YarnCone for this ObjectId
69e9adf2733c29bce00f0900,CONE ID05,4,cone_object_id,,,,,,,,,,,,,,No YarnCone for this ObjectId
69e9adf2733c29bce00f0901,CONE ID05,4,cone_object_id,,,,,,,,,,,,,,No YarnCone for this ObjectId
69e9adf2733c29bce00f0902,CONE ID05,4,cone_object_id,,,,,,,,,,,,,,No YarnCone for this ObjectId
69e9adf2733c29bce00f0903,CONE ID05,4,cone_object_id,,,,,,,,,,,,,,No YarnCone for this ObjectId
69e9adf2733c29bce00f0904,CONE ID05,4,cone_object_id,,,,,,,,,,,,,,No YarnCone for this ObjectId
69e9adf2733c29bce00f0905,CONE ID05,4,cone_object_id,,,,,,,,,,,,,,No YarnCone for this ObjectId
69e9adf2733c29bce00f0906,CONE ID05,4,cone_object_id,,,,,,,,,,,,,,No YarnCone for this ObjectId
69e9adf2733c29bce00f0908,CONE ID05,4,cone_object_id,,,,,,,,,,,,,,No YarnCone for this ObjectId
69e9adf2733c29bce00f0909,CONE ID05,4,cone_object_id,,,,,,,,,,,,,,No YarnCone for this ObjectId
69e9adf2733c29bce00f090b,CONE ID05,4,cone_object_id,,,,,,,,,,,,,,No YarnCone for this ObjectId
69e9adf2733c29bce00f090c,CONE ID05,4,cone_object_id,,,,,,,,,,,,,,No YarnCone for this ObjectId
69e9adf2733c29bce00f090d,CONE ID05,4,cone_object_id,,,,,,,,,,,,,,No YarnCone for this ObjectId
69e9adf2733c29bce00f090e,CONE ID05,4,cone_object_id,,,,,,,,,,,,,,No YarnCone for this ObjectId
69e9adf2733c29bce00f090f,CONE ID05,4,cone_object_id,,,,,,,,,,,,,,No YarnCone for this ObjectId
69e9adf2733c29bce00f0910,CONE ID05,4,cone_object_id,,,,,,,,,,,,,,No YarnCone for this ObjectId
69eb17c186f7ddd153e58490,CONE ID05,4,cone_object_id,,,,,,,,,,,,,,No YarnCone for this ObjectId
69eef50f86f7ddd15309aca6,CONE ID05,4,cone_object_id,,,,,,,,,,,,,,No YarnCone for this ObjectId
69f1fe4f2095293f7e58d8dc,CONE ID05,4,cone_object_id,,,,,,,,,,,,,,No YarnCone for this ObjectId
69f1fe902095293f7e58d9c1,CONE ID05,4,cone_object_id,,,,,,,,,,,,,,No YarnCone for this ObjectId
69f1ff142095293f7e58dbfd,CONE ID05,4,cone_object_id,,,,,,,,,,,,,,No YarnCone for this ObjectId
